id;nom;prenom;sexe;telephone;adresse;cin;email;password
1;Cambodia R;blue;MASCULIN;1-903-139;cross-platform;Persevering Ar;Toney91@yahoo.com;Soft Fantastic
2;SSL;dynamic Cambridgeshire withdrawal;MASCULIN;(146) 758;Checking Account Response Maryland;French Guiana ;Charlie.Abshire@gmail.com;Clothing connecting
3;Clothing n;integrate Keyboard Cambridgeshire;FEMININ;(832) 999;Generic Fresh Tuna;New Hampshire ;Barrett_Weissnat@gmail.com;tangible definition Greece
4;FTP;Fantastic Steel Fish sticky productize;FEMININ;687.056.0;deposit;communities Ho;Juanita87@gmail.com;Toys
5;Nebraska;THX architectures;FEMININ;(480) 084;SCSI;end-to-end Woo;Myron.Stehr42@yahoo.com;schemas transmit
6;Berkshire ;mesh;MASCULIN;(200) 094;Shirt;Public-key qua;Karli_Auer70@hotmail.com;orchestrate functionalities
7;Automotive;Wyoming methodologies;MASCULIN;(011) 720;JSON methodologies functionalities;web-enabled;Faustino15@hotmail.com;Cambridgeshire
8;scalable;Hills;MASCULIN;261.723.5;hacking leverage;e-services Con;Jacinthe.Schaden54@hotmail.com;calculating deposit
9;Plastic Ne;Rubber Mandatory Solutions;FEMININ;1-280-410;input Nebraska Camp;Malta invoice;Amanda.Barton@yahoo.com;Personal Loan Account mission-critical parse
10;auxiliary;orchestration;FEMININ;912-143-8;Awesome Granite Gloves;Granite capabi;Sydnee.Runte@yahoo.com;Customer Cross-group European Unit of Account 9(E.U.A.-9)
